Lokacja,ID Produktu
H101A01,316
H101A02,452
H101A03,278
H101A04,308
H101A05,124
H101A06,064
H101A07,217
H101A08,347
H101A09,453
H101A10,119
H101A11,092
H101A12,262
H101A13,507
H101A14,045
H101A15,177
H101A16,107
H102A01,026
H102A02,126
H102A03,263
H102A04,406
H102A05,402
H102A06,190
H102A07,416
H102A08,377
H102A09,033
H102A10,319
H102A11,261
H102A12,199
H102A13,286
H102A14,024
H102A15,392
H102A16,070
H103A01,277
H103A02,279
H103A03,426
H103A04,247
H103A05,130
H103A06,460
H103A07,470
H103A08,304
H103A09,401
H103A10,378
H103A11,088
H103A12,417
H103A13,059
H103A14,048
H103A15,170
H103A16,322
H104A02,139
H104A04,412
H104A06,181
H104A08,437
H104A09,357
H104A10,459
H104A11,003
H104A12,082
H104A13,418
H104A14,196
H104A15,077
H104A16,254
H105A01,374
H105A02,192
H105A03,186
H105A04,043
H105A05,399
H105A06,174
H105A07,055
H105A08,071
H106A01,499
H106A02,259
H106A03,115
H106A04,180
H106A05,309
H106A06,185
H106A07,237
H106A08,413
H107A01,519
H107A02,340
H107A03,125
H107A04,397
H107A05,376
H107A06,338
H107A07,094
H107A08,062
H201A01,063
H201A02,040
H201A03,256
H201A04,154
H201A05,267
H201A06,028
H201A07,106
H201A08,098
H201A09,365
H201A10,208
H201A11,222
H201A12,121
H201A13,274
H201A14,333
H201A15,150
H201A16,122
H202A01,445
H202A02,012
H202A03,466
H202A04,108
H202A05,490
H202A06,446
H202A07,285
H202A08,363
H202A09,073
H202A10,132
H202A11,353
H202A12,473
H202A13,265
H202A14,464
H202A15,391
H202A16,188
H203A01,202
H203A02,478
H203A03,350
H203A04,090
H203A05,165
H203A06,102
H203A07,249
H203A08,250
H203A09,420
H203A10,393
H203A11,022
H203A12,010
H203A13,019
H203A14,221
H203A15,037
H203A16,362
H204A01,030
H204A02,436
H204A03,395
H204A04,518
H204A05,314
H204A06,283
H204A07,371
H204A08,149
H204A09,517
H204A10,146
H204A11,145
H204A12,326
H204A13,105
H204A14,147
H204A15,104
H204A16,117
H205A01,368
H205A02,346
H205A03,078
H205A04,195
H205A05,218
H205A06,161
H205A07,060
H205A08,301
H205A09,428
H205A10,481
H205A11,001
H205A12,095
H205A13,236
H205A14,238
H205A15,163
H205A16,089
H206A01,502
H206A02,425
H206A03,291
H206A04,332
H206A05,468
H206A06,303
H206A07,075
H206A08,515
H206A09,488
H206A10,235
H206A11,220
H206A12,483
H206A13,081
H206A14,245
H206A15,014
H206A16,287
H207A01,240
H207A02,187
H207A03,123
H207A04,510
H207A05,407
H207A06,323
H207A07,127
H207A08,500
H207A09,388
H207A10,396
H207A11,447
H207A12,007
H207A13,013
H207A14,273
H207A15,505
H207A16,479
H301A01,216
H301A02,099
H301A03,113
H301A04,359
H301A05,400
H301A06,031
H301A07,467
H301A08,008
H301A09,317
H301A10,328
H301A11,156
H301A12,183
H301A13,253
H301A14,054
H301A15,321
H301A16,375
H302A01,351
H302A02,209
H302A03,462
H302A04,140
H302A05,173
H302A06,337
H302A07,298
H302A08,212
H302A09,137
H302A10,120
H302A11,234
H302A12,076
H302A13,264
H302A14,448
H302A15,243
H302A16,313
H303A01,151
H303A02,429
H303A03,394
H303A04,379
H303A05,205
H303A06,135
H303A07,204
H303A08,231
H303A09,300
H303A10,072
H303A11,403
H303A12,496
H303A13,268
H303A14,175
H303A15,310
H303A16,136
H304A01,178
H304A02,257
H304A03,465
H304A04,171
H304A05,435
H304A06,290
H304A07,224
H304A08,101
H304A09,041
H304A10,206
H304A11,270
H304A12,430
H304A13,331
H304A14,477
H304A15,288
H304A16,251
H305A01,489
H305A02,423
H305A03,227
H305A04,086
H305A05,167
H305A06,334
H305A07,440
H305A08,504
H305A09,387
H305A10,029
H305A11,508
H305A12,155
H305A13,152
H305A14,516
H305A15,258
H305A16,138
H306A01,065
H306A02,320
H306A03,198
H306A04,455
H306A05,093
H306A06,109
H306A07,087
H306A08,513
H306A09,444
H306A10,433
H306A11,207
H306A12,380
H306A13,373
H306A14,080
H306A15,176
H306A16,421
H307A01,476
H307A02,306
H307A03,211
H307A04,271
H307A05,110
H307A06,503
H307A07,341
H307A08,361
H307A09,143
H307A10,472
H307A11,480
H307A12,474
H307A13,032
H307A14,335
H307A15,491
H307A16,272
H401A01,112
H401A02,405
H401A03,486
H401A04,292
H401A05,501
H401A06,158
H401A07,327
H401A08,463
H401A09,053
H401A10,339
H401A11,432
H401A12,266
H401A13,051
H401A14,142
H401A15,449
H401A16,360
H402A01,509
H402A02,042
H402A03,200
H402A04,214
H402A05,164
H402A06,056
H402A07,184
H402A08,172
H402A09,241
H402A10,318
H402A11,044
H402A12,434
H402A13,344
H402A14,058
H402A15,276
H402A16,302
H403A01,103
H403A02,035
H403A03,381
H403A04,383
H403A05,424
H403A06,233
H403A07,422
H403A08,213
H403A09,386
H403A10,066
H403A11,074
H403A12,311
H403A13,497
H403A14,458
H403A15,349
H403A16,482
H404A01,182
H404A02,443
H404A03,454
H404A04,441
H404A05,439
H404A06,230
H404A07,047
H404A08,228
H404A09,312
H404A10,118
H404A11,097
H404A12,438
H404A13,179
H404A14,091
H404A15,148
H404A16,159
H405A01,021
H405A02,305
H405A03,025
H405A04,485
H405A05,069
H405A06,128
H405A07,315
H405A08,457
H405A09,246
H405A10,129
H405A11,506
H405A12,295
H405A13,068
H405A14,210
H405A15,229
H405A16,111
H406A01,364
H406A02,085
H406A03,016
H406A04,495
H406A05,005
H406A06,409
H406A07,427
H406A08,354
H406A09,002
H406A10,514
H406A11,189
H406A12,166
H406A13,168
H406A14,469
H406A15,049
H406A16,324
H407A01,348
H407A02,067
H407A03,050
H407A04,355
H407A05,009
H407A06,223
H407A07,296
H407A08,141
H407A09,352
H407A10,442
H407A11,039
H407A12,144
H407A13,027
H407A14,201
H407A15,404
H407A16,329
H501A01,390
H501A02,358
H501A03,520
H501A04,004
H501A05,342
H501A06,023
H501A07,153
H501A08,280
H501A09,133
H501A10,061
H501A11,289
H501A12,484
H501A13,356
H501A14,169
H501A15,194
H501A16,492
H502A01,219
H502A02,036
H502A03,226
H502A04,330
H502A05,020
H502A06,242
H502A07,006
H502A08,038
H502A09,275
H502A10,293
H502A11,382
H502A12,046
H502A13,398
H502A14,114
H502A15,193
H502A16,282
H503A01,052
H503A02,471
H503A03,370
H503A04,239
H503A05,336
H503A06,284
H503A07,461
H503A08,512
H503A09,157
H503A10,372
H503A11,160
H503A12,367
H503A13,493
H503A14,116
H503A15,215
H503A16,162
H504A02,281
H504A04,389
H504A06,369
H504A08,084
H504A09,017
H504A10,411
H504A11,451
H504A12,385
H504A13,475
H504A14,252
H504A15,487
H504A16,096
H505A01,431
H505A02,248
H505A03,299
H505A04,325
H505A05,269
H505A06,100
H505A07,244
H505A08,232
H506A01,018
H506A02,366
H506A03,307
H506A04,225
H506A05,197
H506A06,015
H506A07,343
H506A08,203
H507A01,419
H507A02,255
H507A03,450
H507A04,494
H507A05,294
H507A06,134
H507A07,345
H507A08,083
